Movie Name,Industry,Genre,Lead Actors,Co-Actors,Budget,Description,Festival Release,Hype Score,Predicted Box Office Collection
KGF Chapter 2,South Indian,Action,Yash + Srinidhi Shetty + Sanjay Dutt + Raveena Tandon,"Pankaj Tripathi, directed by Prashanth Neel",100.0,"Rocky takes control of Kolar Gold Fields, facing threats from Adheera and government forces in a struggle for absolute power.",Yes,9.2,337.0
Dhurandhar The Revenge,Bollywood,Action,Ranveer Singh + Sara Arjun + Sanjay Dutt + Arjun Rampal,"Rakesh Bedi, Danish",225.0,"Hamza Ali Mazari pursues Major Iqbal to dismantle a crime syndicate, uncovering a hidden past that shapes his fight for justice.",No,9.7,696.38
Tare Zameen Par,Bollywood,Drama,Aamir Khan + Darsheel Safary,Directed by Aamir Khan,15.0,Ishaan struggles with academics until an unconventional art teacher recognizes his dyslexia and helps him unlock his true creative potential.,No,7.5,34.88
Stree 2,Bollywood,Comedy,Rajkummar Rao + Shraddha Kapoor,"Pankaj Tripathi, directed by Amar Kaushik",50.0,"Chanderi is haunted by a new demon Sarkata, and Vicky along with his friends must unite to save their town.",Yes,7.8,144.0
Pushpa 2: The Rule,South Indian,Action,Allu Arjun + Fahadh Faasil,Rashmika Mandanna,400.0,Pushpa Raj expands his red sandalwood empire while locked in an intense battle with SP Bhanwar Singh Shekhawat.,Yes,9.7,1418.0
Chatani,Dhollywood,Drama,Malhar Thakkar+Pooja Joshi Thakkar,Prashant Barot,1.0,"• The Story: A young engineer leaves his stable career to take over his family's 115-year-old farsan legacy.
• The Conflict: He tries to turn their classic, legendary chutney into a modern brand while dealing with family expectations and obstacles.",Yes,7.5,32.48
Stree 2,Bollywood,Action,Rajkummar Rao + Shraddha Kapoor,"Pankaj Tripathi, directed by Amar Kaushik",50.0,"Chanderi is haunted by a new headless demon named Sarkata, and Vicky along with his friends must unite to save their town.",Yes,8.7,97.03
Stree 2,Bollywood,Action,Rajkummar Rao + Shraddha Kapoor,"Pankaj Tripathi, directed by Amar Kaushik",50.0,"Chanderi is haunted by a new headless demon named Sarkata, and Vicky along with his friends must unite to save their town.",Yes,8.7,97.03
